,Word,Count
0,energy,204
1,environmental,157
2,emission,119
3,carbon,116
4,climate,91
5,impact,82
6,reduce,82
7,renewable,68
8,sustainable,65
9,group,61
10,environment,56
11,use,56
12,business,55
13,also,54
14,change,54
15,power,54
16,product,51
17,water,50
18,customer,47
19,project,47
20,company,45
21,efficiency,45
22,reduction,45
23,gas,42
24,waste,41
25,technology,40
26,operation,39
27,strategy,39
28,sustainability,39
29,new,38
30,target,38
31,year,38
32,goal,37
33,green,37
34,low,37
35,social,37
36,co2,36
37,footprint,36
38,reducing,35
39,zero,35
40,electricity,34
41,global,34
42,help,34
43,consumption,33
44,development,33
45,investment,32
46,management,32
47,work,32
48,2020,31
49,part,31
50,activity,30
51,policy,29
52,solution,29
53,production,28
54,action,27
55,environmentally,27
56,initiative,27
57,support,27
58,commitment,26
59,increase,26
60,transition,26
61,efficient,25
62,effort,25
63,material,25
64,continue,24
65,plan,24
66,plant,24
67,portfolio,24
68,2019,23
69,aim,23
70,based,23
71,fuel,23
72,greenhouse,23
73,recycling,23
74,resource,23
75,society,23
76,source,23
77,area,22
78,improve,22
79,measure,22
80,promote,22
81,working,22
82,committed,21
83,supply,21
84,corporate,20
85,focus,20
86,term,20
87,addition,19
88,building,19
89,generation,19
90,performance,19
91,plastic,18
92,set,18
93,using,18
94,way,18
95,2015,17
96,clean,17
97,first,17
98,friendly,17
99,long,17
100,natural,17
101,net,17
102,one,17
103,process,17
104,service,17
105,well,17
106,compared,16
107,cost,16
108,developing,16
109,including,16
110,industry,16
111,program,16
112,site,16
113,solar,16
114,system,16
115,value,16
116,vehicle,16
117,achieve,15
118,asset,15
119,contribute,15
120,electric,15
121,hydrogen,15
122,made,15
123,need,15
124,per,15
125,positive,15
126,protection,15
127,reduced,15
128,related,15
129,risk,15
130,saving,15
131,achieving,14
132,coal,14
133,conservation,14
134,economy,14
135,fund,14
136,ghg,14
137,lower,14
138,market,14
139,provide,14
140,recycled,14
141,time,14
142,total,14
143,world,14
144,000,13
145,2018,13
146,bank,13
147,community,13
148,improvement,13
149,local,13
150,national,13
151,opportunity,13
152,order,13
153,responsibility,13
154,significant,13
155,since,13
156,standard,13
157,100,12
158,benefit,12
159,chain,12
160,challenge,12
161,continued,12
162,esg,12
163,example,12
164,future,12
165,level,12
166,life,12
167,promoting,12
168,uk,12
169,wind,12
170,within,12
171,2030,11
172,ensure,11
173,facility,11
174,financial,11
175,growth,11
176,industrial,11
177,intensity,11
178,make,11
179,meet,11
180,million,11
181,minimise,11
182,people,11
183,progress,11
184,result,11
185,treatment,11
186,2050,10
187,across,10
188,agreement,10
189,around,10
190,awareness,10
191,capacity,10
192,circular,10
193,deliver,10
194,district,10
195,effective,10
196,finance,10
197,governance,10
198,heat,10
199,high,10
200,increasing,10
201,innovative,10
202,invest,10
203,objective,10
204,operational,10
205,place,10
206,raw,10
207,take,10
208,together,10
209,ton,10
210,warming,10
211,2014,9
212,2016,9
213,30,9
214,ambition,9
215,approach,9
216,better,9
217,client,9
218,designed,9
219,develop,9
220,direct,9
221,economic,9
222,forest,9
223,implement,9
224,important,9
225,improving,9
226,includes,9
227,key,9
228,led,9
229,minimize,9
230,mobility,9
231,number,9
232,packaging,9
233,programme,9
234,research,9
235,responsible,9
236,role,9
237,safety,9
238,see,9
239,supplier,9
240,towards,9
241,2017,8
242,actively,8
243,advanced,8
244,annual,8
245,biodiversity,8
246,construction,8
247,eco,8
248,ensuring,8
249,focused,8
250,following,8
251,heating,8
252,issue,8
253,line,8
254,making,8
255,manage,8
256,offering,8
257,paper,8
258,partner,8
259,partnership,8
260,planet,8
261,play,8
262,scale,8
263,scope,8
264,stakeholder,8
265,state,8
266,supporting,8
267,used,8
268,various,8
269,2007,7
270,2025,7
271,40,7
272,address,7
273,approximately,7
274,average,7
275,best,7
276,build,7
277,create,7
278,decision,7
279,design,7
280,effect,7
281,employee,7
282,enable,7
283,end,7
284,field,7
285,focusing,7
286,furthermore,7
287,government,7
288,greater,7
289,infrastructure,7
290,innovation,7
291,investor,7
292,joint,7
293,landfill,7
294,launched,7
295,le,7
296,living,7
297,many,7
298,marine,7
299,office,7
300,paris,7
301,platform,7
302,potential,7
303,practice,7
304,principle,7
305,priority,7
306,procurement,7
307,produced,7
308,protect,7
309,quality,7
310,right,7
311,science,7
312,several,7
313,share,7
314,strategic,7
315,tonne,7
316,us,7
317,usage,7
318,vision,7
319,10,6
320,2009,6
321,2013,6
322,addressing,6
323,advance,6
324,air,6
325,aligned,6
326,alternative,6
327,ambitious,6
328,amount,6
329,aspect,6
330,associated,6
331,board,6
332,clear,6
333,co,6
334,continues,6
335,created,6
336,cut,6
337,december,6
338,decrease,6
339,dedicated,6
340,demand,6
341,engagement,6
342,european,6
343,factor,6
344,farm,6
345,fired,6
346,five,6
347,food,6
348,fossil,6
349,four,6
350,fully,6
351,generate,6
352,health,6
353,implementation,6
354,importance,6
355,index,6
356,internal,6
357,introduced,6
358,large,6
359,lighting,6
360,major,6
361,manner,6
362,mitigate,6
363,others,6
364,percent,6
365,produce,6
366,regard,6
367,renewables,6
368,sale,6
369,step,6
370,sustainably,6
371,team,6
372,therefore,6
373,thus,6
374,two,6
375,unit,6
376,would,6
377,14,5
378,19,5
379,20,5
380,25,5
381,agency,5
382,agriculture,5
383,aimed,5
384,alliance,5
385,allow,5
386,already,5
387,analysis,5
388,award,5
389,basic,5
390,capability,5
391,capital,5
392,certified,5
393,cleaner,5
394,completed,5
395,component,5
396,concept,5
397,consideration,5
398,contribution,5
399,country,5
400,creating,5
401,department,5
402,developed,5
403,drive,5
404,edf,5
405,equivalent,5
406,essential,5
407,ever,5
408,every,5
409,expand,5
410,expected,5
411,farming,5
412,flaring,5
413,good,5
414,home,5
415,implemented,5
416,integrate,5
417,integrated,5
418,investing,5
419,invests,5
420,leading,5
421,manufacturing,5
422,member,5
423,mill,5
424,mission,5
425,mitigation,5
426,model,5
427,monitoring,5
428,negative,5
429,non,5
430,offset,5
431,overall,5
432,pollution,5
433,prevent,5
434,producing,5
435,protecting,5
436,provides,5
437,providing,5
438,purchase,5
439,raise,5
440,recovery,5
441,regulation,5
442,report,5
443,sector,5
444,seek,5
445,seeking,5
446,setting,5
447,socially,5
448,solvay,5
449,sourcing,5
450,station,5
451,status,5
452,strive,5
453,taking,5
454,thereby,5
455,throughout,5
456,tool,5
457,worked,5
458,15,4
459,2010,4
460,2021,4
461,2040,4
462,500,4
463,able,4
464,achieved,4
465,achievement,4
466,additional,4
467,affordable,4
468,africa,4
469,aiming,4
470,among,4
471,announced,4
472,apply,4
473,assistance,4
474,assurance,4
475,automotive,4
476,axa,4
477,battery,4
478,became,4
479,believe,4
480,billion,4
481,bp,4
482,capture,4
483,cell,4
484,centre,4
485,chemical,4
486,collaboration,4
487,combine,4
488,commit,4
489,committee,4
490,contributes,4
491,control,4
492,conventional,4
493,cycle,4
494,date,4
495,day,4
496,decade,4
497,dialogue,4
498,digital,4
499,director,4
500,disaster,4
501,disposal,4
502,dsm,4
503,due,4
504,ecological,4
505,education,4
506,emissions,4
507,enables,4
508,enabling,4
509,engineering,4
510,enhance,4
511,enhanced,4
512,equity,4
513,established,4
514,executive,4
515,feed,4
516,fleet,4
517,form,4
518,framework,4
519,generated,4
520,german,4
521,going,4
522,greener,4
523,grid,4
524,helping,4
525,highly,4
526,house,4
527,hydro,4
528,ifc,4
529,indicator,4
530,individual,4
531,installation,4
532,insurance,4
533,integration,4
534,japan,4
535,leader,4
536,limit,4
537,linked,4
538,load,4
539,logistics,4
540,maintain,4
541,mean,4
542,met,4
543,minimising,4
544,mining,4
545,mw,4
546,necessary,4
547,neutral,4
548,nordea,4
549,ocean,4
550,offer,4
551,offshore,4
552,oil,4
553,on,4
554,operating,4
555,organic,4
556,owner,4
557,page,4
558,particular,4
559,physical,4
560,position,4
561,possible,4
562,prevention,4
563,price,4
564,property,4
565,public,4
566,purchasing,4
567,pursuing,4
568,put,4
569,range,4
570,rate,4
571,real,4
572,realize,4
573,reduces,4
574,relative,4
575,reliable,4
576,replace,4
577,replaced,4
578,requirement,4
579,respect,4
580,return,4
581,roadmap,4
582,safe,4
583,scenario,4
584,segment,4
585,soil,4
586,specific,4
587,strengthening,4
588,strong,4
589,study,4
590,temperature,4
591,thermal,4
592,three,4
593,tokio,4
594,toward,4
595,treated,4
596,un,4
597,united,4
598,venture,4
599,vesta,4
600,voc,4
601,wastewater,4
602,wide,4
603,12,3
604,13,3
605,2008,3
606,31,3
607,50,3
608,60,3
609,600,3
610,80,3
611,accelerate,3
612,account,3
613,active,3
614,added,3
615,advocate,3
616,agl,3
617,agreed,3
618,align,3
619,aligning,3
620,almost,3
621,along,3
622,and,3
623,ash,3
624,autonomous,3
625,base,3
626,baseline,3
627,benchmark,3
628,biomass,3
629,caused,3
630,cement,3
631,cent,3
632,child,3
633,closely,3
634,commercial,3
635,commits,3
636,compliance,3
637,compound,3
638,condition,3
639,conducted,3
640,conserve,3
641,consistent,3
642,consists,3
643,consumer,3
644,contributing,3
645,convert,3
646,cooling,3
647,cooperation,3
648,corporation,3
649,current,3
650,damaging,3
651,data,3
652,de,3
653,delivered,3
654,delivery,3
655,derived,3
656,different,3
657,dioxide,3
658,direction,3
659,discharge,3
660,diverse,3
661,division,3
662,domestic,3
663,ecosystem,3
664,eiffage,3
665,emerging,3
666,emit,3
667,emphasis,3
668,en,3
669,enabled,3
670,enough,3
671,equinor,3
672,equipment,3
673,especially,3
674,establish,3
675,euro,3
676,exposure,3
677,factory,3
678,far,3
679,fi,3
680,financing,3
681,flight,3
682,fostering,3
683,foundation,3
684,france,3
685,free,3
686,fukushima,3
687,full,3
688,get,3
689,gm,3
690,go,3
691,groundwater,3
692,grow,3
693,guarantee,3
694,half,3
695,harmony,3
696,havas,3
697,highest,3
698,how,3
699,human,3
700,iag,3
701,implementing,3
702,improved,3
703,incident,3
704,include,3
705,ing,3
706,installed,3
707,instance,3
708,intended,3
709,international,3
710,involving,3
711,iso,3
712,keeping,3
713,kering,3
714,know,3
715,kubota,3
716,lead,3
717,li,3
718,looking,3
719,loss,3
720,maintaining,3
721,mark,3
722,meeting,3
723,methane,3
724,metric,3
725,milestone,3
726,mine,3
727,minimal,3
728,mix,3
729,monitor,3
730,move,3
731,multi,3
732,municipal,3
733,must,3
734,nature,3
735,nearly,3
736,network,3
737,neutrality,3
738,next,3
739,noise,3
740,of,3
741,ongoing,3
742,or,3
743,oriented,3
744,palm,3
745,panel,3
746,participating,3
747,particularly,3
748,passenger,3
749,past,3
750,period,3
751,pet,3
752,phase,3
753,photovoltaic,3
754,pledged,3
755,powered,3
756,pre,3
757,prefecture,3
758,premise,3
759,present,3
760,preservation,3
761,preserve,3
762,preserving,3
763,preventing,3
764,primary,3
765,proactive,3
766,processing,3
767,provider,3
768,reach,3
769,reached,3
770,realizing,3
771,received,3
772,recyclability,3
773,recyclable,3
774,refinery,3
775,reflects,3
776,regional,3
777,regulatory,3
778,release,3
779,remains,3
780,requires,3
781,resilience,3
782,resilient,3
783,responding,3
784,response,3
785,responsibly,3
786,retail,3
787,reuse,3
788,revenue,3
789,road,3
790,save,3
791,school,3
792,sdgs,3
793,server,3
794,shared,3
795,shareholder,3
796,shift,3
797,short,3
798,significantly,3
799,simultaneously,3
800,south,3
801,space,3
802,specifically,3
803,statement,3
804,stewardship,3
805,storage,3
806,student,3
807,subsidiary,3
808,superior,3
809,to,3
810,tomorrow,3
811,truck,3
812,turn,3
813,university,3
814,up,3
815,upgrading,3
816,upm,3
817,utility,3
818,volume,3
819,washing,3
820,wider,3
821,worldwide,3
822,18,2
823,2000,2
824,22,2
825,24,2
826,27,2
827,34,2
828,36,2
829,3dexperience,2
830,3m,2
831,47,2
832,48,2
833,57,2
834,61,2
835,70,2
836,71,2
837,77,2
838,90,2
839,92,2
840,99,2
841,absolute,2
842,ac,2
843,academic,2
844,accelerating,2
845,according,2
846,accounted,2
847,acquisition,2
848,acronym,2
849,act,2
850,acting,2
851,adapting,2
852,adopt,2
853,adopting,2
854,advancement,2
855,agricultural,2
856,aircraft,2
857,airline,2
858,airway,2
859,alignment,2
860,allowing,2
861,allows,2
862,alongside,2
863,aluminium,2
864,application,2
865,applies,2
866,appropriate,2
867,apra,2
868,art,2
869,assessing,2
870,association,2
871,attractive,2
872,australian,2
873,aviation,2
874,avoid,2
875,away,2
876,basis,2
877,bbva,2
878,beginning,2
879,begun,2
880,belief,2
881,bio,2
882,biodegradable,2
883,bnp,2
884,body,2
885,bond,2
886,borealis,2
887,branch,2
888,breakthrough,2
889,breeam,2
890,bringing,2
891,british,2
892,broader,2
893,broadly,2
894,brought,2
895,busi,2
896,by,2
897,called,2
898,campaign,2
899,case,2
900,catena,2
901,center,2
902,central,2
903,certificate,2
904,certification,2
905,cgd,2
906,charity,2
907,chauffage,2
908,check,2
909,choosing,2
910,chp,2
911,cleaning,2
912,clearly,2
913,clemessy,2
914,closer,2
915,cnh,2
916,co2e,2
917,collaborate,2
918,colleague,2
919,collectively,2
920,com,2
921,combat,2
922,combined,2
923,comfortable,2
924,coming,2
925,compensation,2
926,completely,2
927,comprehensive,2
928,concrete,2
929,conducive,2
930,conduct,2
931,conducting,2
932,conscious,2
933,conserving,2
934,considered,2
935,constantly,2
936,contact,2
937,container,2
938,contaminated,2
939,content,2
940,context,2
941,continually,2
942,continuous,2
943,continuously,2
944,contract,2
945,conversion,2
946,converting,2
947,cooler,2
948,cop21,2
949,core,2
950,creation,2
951,credit,2
952,critical,2
953,csr,2
954,daily,2
955,decarbonisation,2
956,decarbonization,2
957,deep,2
958,defined,2
959,deforestation,2
960,delivers,2
961,delta,2
962,demonstrated,2
963,desire,2
964,desjardins,2
965,determined,2
966,develops,2
967,die,2
968,diesel,2
969,dimension,2
970,directly,2
971,distribution,2
972,diverted,2
973,downer,2
974,driving,2
975,early,2
976,earth,2
977,ecologically,2
978,efficiently,2
979,either,2
980,electronic,2
981,elementary,2
982,eliminate,2
983,enablers,2
984,encourage,2
985,encouraged,2
986,encourages,2
987,engages,2
988,engine,2
989,enhancing,2
990,eq,2
991,equipped,2
992,establishes,2
993,establishment,2
994,europe,2
995,even,2
996,event,2
997,evolution,2
998,exceeding,2
999,excellence,2
1000,excess,2
1001,existing,2
1002,expanded,2
1003,expanding,2
1004,expect,2
1005,expert,2
1006,extending,2
1007,family,2
1008,farmer,2
1009,favor,2
1010,feasibility,2
1011,feature,2
1012,fibre,2
1013,finally,2
1014,financially,2
1015,fiscal,2
1016,flow,2
1017,fly,2
1018,force,2
1019,forward,2
1020,foster,2
1021,function,2
1022,generating,2
1023,getting,2
1024,ghgs,2
1025,give,2
1026,giving,2
1027,gold,2
1028,grade,2
1029,greatest,2
1030,growing,2
1031,guidance,2
1032,gwh,2
1033,harm,2
1034,healthy,2
1035,hence,2
1036,holding,2
1037,host,2
1038,hot,2
1039,household,2
1040,however,2
1041,hybrid,2
1042,identified,2
1043,in,2
1044,included,2
1045,income,2
1046,incorporating,2
1047,increased,2
1048,indian,2
1049,information,2
1050,initiate,2
1051,installing,2
1052,institution,2
1053,integrating,2
1054,intensive,2
1055,intesa,2
1056,invested,2
1057,involved,2
1058,ion,2
1059,ise,2
1060,january,2
1061,jbic,2
1062,joined,2
1063,keep,2
1064,keppel,2
1065,kind,2
1066,land,2
1067,landscape,2
1068,largest,2
1069,late,2
1070,latest,2
1071,leadership,2
1072,least,2
1073,legislation,2
1074,lifetime,2
1075,lift,2
1076,limited,2
1077,lithium,2
1078,live,2
1079,loan,2
1080,located,2
1081,location,2
1082,lowest,2
1083,machine,2
1084,macquarie,2
1085,main,2
1086,mainly,2
1087,maintained,2
1088,manager,2
1089,manufacture,2
1090,manufacturer,2
1091,matter,2
1092,maximise,2
1093,mayonnaise,2
1094,ment,2
1095,mental,2
1096,meter,2
1097,mexico,2
1098,mineral,2
1099,mn,2
1100,modern,2
1101,moving,2
1102,much,2
1103,multiple,2
1104,municipality,2
1105,mwh,2
1106,neot,2
1107,ness,2
1108,netherlands,2
1109,nine,2
1110,north,2
1111,nutritious,2
1112,obtained,2
1113,october,2
1114,offered,2
1115,old,2
1116,onshore,2
1117,operate,2
1118,operates,2
1119,optimise,2
1120,optimize,2
1121,optimum,2
1122,option,2
1123,out,2
1124,outcome,2
1125,output,2
1126,outside,2
1127,oversees,2
1128,pandemic,2
1129,paribas,2
1130,park,2
1131,participation,2
1132,party,2
1133,pellet,2
1134,pension,2
1135,phased,2
1136,placed,2
1137,planning,2
1138,planted,2
1139,planting,2
1140,platinum,2
1141,pledge,2
1142,pollutant,2
1143,polluting,2
1144,population,2
1145,presented,2
1146,previous,2
1147,pricing,2
1148,print,2
1149,private,2
1150,proactively,2
1151,productivity,2
1152,profit,2
1153,progressively,2
1154,promotes,2
1155,promotion,2
1156,proposed,2
1157,province,2
1158,psi,2
1159,published,2
1160,purpose,2
1161,pursue,2
1162,quantitative,2
1163,raised,2
1164,raising,2
1165,rapidly,2
1166,recent,2
1167,recycle,2
1168,refining,2
1169,regarding,2
1170,relating,2
1171,reliability,2
1172,remain,2
1173,remaining,2
1174,removal,2
1175,renovation,2
1176,replacing,2
1177,reporting,2
1178,repsol,2
1179,republic,2
1180,respond,2
1181,restoration,2
1182,reusable,2
1183,reusing,2
1184,revised,2
1185,rolling,2
1186,rule,2
1187,run,2
1188,sanpaolo,2
1189,saved,2
1190,sdg,2
1191,secondary,2
1192,self,2
1193,september,2
1194,serve,2
1195,serving,2
1196,slag,2
1197,sludge,2
1198,smart,2
1199,so,2
1200,solid,2
1201,spain,2
1202,stable,2
1203,stage,2
1204,started,2
1205,steady,2
1206,still,2
1207,stimulate,2
1208,stop,2
1209,store,2
1210,structure,2
1211,substance,2
1212,success,2
1213,successful,2
1214,sun,2
1215,supported,2
1216,sweden,2
1217,switch,2
1218,symrise,2
1219,synthetic,2
1220,taken,2
1221,task,2
1222,technical,2
1223,textile,2
1224,the,2
1225,theme,2
1226,thing,2
1227,third,2
1228,thousand,2
1229,tive,2
1230,today,2
1231,topic,2
1232,toyota,2
1233,track,2
1234,tractor,2
1235,transaction,2
1236,transport,2
1237,travel,2
1238,tree,2
1239,ultimately,2
1240,understand,2
1241,understanding,2
1242,undertaken,2
1243,union,2
1244,unserer,2
1245,update,2
1246,upstream,2
1247,urban,2
1248,user,2
1249,utmost,2
1250,vasakronan,2
1251,ventilation,2
1252,versus,2
1253,viable,2
1254,vinci,2
1255,vital,2
1256,volatile,2
1257,volunteer,2
1258,weighted,2
1259,whether,2
1260,whole,2
1261,03,1
1262,043,1
1263,050,1
1264,06,1
1265,116,1
1266,128,1
1267,137,1
1268,14000,1
1269,14001,1
1270,141,1
1271,143,1
1272,149,1
1273,153,1
1274,155,1
1275,16128,1
1276,17,1
1277,170,1
1278,1992,1
1279,2001,1
1280,2004,1
1281,2012,1
1282,201548,1
1283,2022,1
1284,2023,1
1285,2026,1
1286,214kwh,1
1287,217,1
1288,21st,1
1289,23,1
1290,240,1
1291,250,1
1292,26,1
1293,293,1
1294,296,1
1295,300,1
1296,300er,1
1297,304,1
1298,38,1
1299,400,1
1300,40mw,1
1301,41,1
1302,418,1
1303,42,1
1304,427kwh,1
1305,43,1
1306,448,1
1307,45,1
1308,46,1
1309,482,1
1310,49,1
1311,4evergreen,1
1312,519,1
1313,54,1
1314,55,1
1315,579,1
1316,58,1
1317,6148,1
1318,62,1
1319,64,1
1320,648,1
1321,66,1
1322,750,1
1323,76,1
1324,760,1
1325,777,1
1326,800,1
1327,85,1
1328,86,1
1329,891,1
1330,8nordea,1
1331,91,1
1332,93,1
1333,945,1
1334,95,1
1335,97,1
1336,a340s,1
1337,a350s,1
1338,a4e,1
1339,abatement,1
1340,abengoa,1
1341,academia,1
1342,acceleration,1
1343,accessible,1
1344,accident,1
1345,acciona,1
1346,accompanying,1
1347,accomplish,1
1348,accordance,1
1349,accountability,1
1350,accumulate,1
1351,achievable,1
1352,acp,1
1353,acquire,1
1354,acquired,1
1355,acre,1
1356,activi,1
1357,activities5,1
1358,actor,1
1359,adapts,1
1360,addendum,1
1361,additive,1
1362,addressed,1
1363,adjust,1
1364,adopted,1
1365,adoption,1
1366,advancing,1
1367,advantage,1
1368,adverse,1
1369,adversely,1
1370,advice,1
1371,advocacy,1
1372,advocated,1
1373,aeon,1
1374,afected,1
1375,affect,1
1376,affordability,1
1377,afternoon,1
1378,ageing,1
1379,agent,1
1380,aggregate,1
1381,aging,1
1382,agnostic,1
1383,aid,1
1384,airium,1
1385,aisin,1
1386,aist,1
1387,aktivitäten,1
1388,ald,1
1389,alecta,1
1390,algae,1
1391,algal,1
1392,algorithm,1
1393,aligns,1
1394,all,1
1395,allianz,1
1396,alp,1
1397,alterna,1
1398,alternate,1
1399,amazon,1
1400,amd,1
1401,ammonia,1
1402,analysed,1
1403,anchored,1
1404,anglia,1
1405,anhui,1
1406,animal,1
1407,annex,1
1408,announcement,1
1409,annually,1
1410,annum,1
1411,ant,1
1412,anticipation,1
1413,aoa,1
1414,ap,1
1415,app,1
1416,appendix,1
1417,applied,1
1418,appropri,1
1419,approval,1
1420,approve,1
1421,approved,1
1422,approves,1
1423,approx,1
1424,april,1
1425,aquatic,1
1426,aquifer,1
1427,ar,1
1428,archetype,1
1429,arising,1
1430,arlington,1
1431,article,1
1432,articulated,1
1433,asahi,1
1434,ascertaining,1
1435,asia,1
1436,ask,1
1437,asphalt,1
1438,aspiration,1
1439,assembly,1
1440,assertion,1
1441,assessment,1
1442,asso,1
1443,associate,1
1444,ate,1
1445,atotech,1
1446,atp,1
1447,attitude,1
1448,audiovisual,1
1449,augment,1
1450,australia,1
1451,authority,1
1452,automatic,1
1453,automation,1
1454,available,1
1455,avenue,1
1456,avoided,1
1457,avoiding,1
1458,awaited,1
1459,awarded,1
1460,aware,1
1461,bac,1
1462,back,1
1463,bag,1
1464,bahia,1
1465,balance,1
1466,balanced,1
1467,ban,1
1468,banco,1
1469,banka,1
1470,barrier,1
1471,bau,1
1472,bca,1
1473,bdf,1
1474,become,1
1475,becoming,1
1476,behaviour,1
1477,belgium,1
1478,believed,1
1479,benefi,1
1480,beneficial,1
1481,benefiting,1
1482,bespoke,1
1483,betc,1
1484,beyond,1
1485,bicycle,1
1486,bilateral,1
1487,bill,1
1488,binding,1
1489,biobased,1
1490,bioclimatic,1
1491,biodegradability,1
1492,biological,1
1493,biomaterials,1
1494,biomethane,1
1495,bioplastics,1
1496,biosourced,1
1497,biotech,1
1498,birmingham,1
1499,blackrock,1
1500,blended,1
1501,block,1
1502,bluescope,1
1503,bluesource,1
1504,bm,1
1505,bme,1
1506,bob,1
1507,boliden,1
1508,bonus,1
1509,boost,1
1510,boosting,1
1511,boshoku,1
1512,bottle,1
1513,boundi,1
1514,brass,1
1515,brazil,1
1516,brazzaville,1
1517,budget,1
1518,built,1
1519,bulb,1
1520,bullring,1
1521,burberry,1
1522,burn,1
1523,bus,1
1524,byproduct,1
1525,ca100,1
1526,calculated,1
1527,california,1
1528,cally,1
1529,canada,1
1530,cap,1
1531,capable,1
1532,capex,1
1533,capitalisation,1
1534,car,1
1535,carb,1
1536,card,1
1537,caring,1
1538,carpool,1
1539,carried,1
1540,carrying,1
1541,carvida,1
1542,cash,1
1543,catalyst,1
1544,catchment,1
1545,category,1
1546,cattle,1
1547,cause,1
1548,ccgt,1
1549,ccr,1
1550,ccus,1
1551,cdp,1
1552,ce,1
1553,ceará,1
1554,cec,1
1555,celsius,1
1556,cementitious,1
1557,centered,1
1558,century,1
1559,cepi,1
1560,certain,1
1561,champion,1
1562,changer,1
1563,changing,1
1564,characterized,1
1565,charge,1
1566,charter,1
1567,charts,1
1568,chief,1
1569,chilled,1
1570,china,1
1571,ci,1
1572,ciated,1
1573,ciency,1
1574,circumstance,1
1575,claim,1
1576,class,1
1577,cleansweep,1
1578,clearance,1
1579,climat,1
1580,clinker,1
1581,clinton,1
1582,close,1
1583,closure,1
1584,cloud,1
1585,cluster,1
1586,cmb,1
1587,cng,1
1588,co2armer,1
1589,coastal,1
1590,coating,1
1591,cocoon,1
1592,codified,1
1593,coffee,1
1594,cogen,1
1595,cold,1
1596,collaborated,1
1597,collaborative,1
1598,collaboratively,1
1599,collect,1
1600,collecting,1
1601,collection,1
1602,collective,1
1603,colloboration,1
1604,colombia,1
1605,combination,1
1606,combustion,1
1607,come,1
1608,commissioner,1
1609,committing,1
1610,common,1
1611,commonly,1
1612,communicate,1
1613,compare,1
1614,compatible,1
1615,compelling,1
1616,competitive,1
1617,competitiveness,1
1618,complete,1
1619,completion,1
1620,complex,1
1621,compliant,1
1622,complied,1
1623,complies,1
1624,composed,1
1625,composite,1
1626,compostable,1
1627,computing,1
1628,con,1
1629,concern,1
1630,concerning,1
1631,concluded,1
1632,conditioner,1
1633,conditioning,1
1634,confederation,1
1635,conference,1
1636,confi,1
1637,conform,1
1638,congo,1
1639,connect,1
1640,connecting,1
1641,consciousness,1
1642,conse,1
1643,consent,1
1644,conservancy,1
1645,consider,1
1646,considerably,1
1647,considers,1
1648,consistently,1
1649,consolidate,1
1650,consolidated,1
1651,consolidates,1
1652,consolidation,1
1653,constant,1
1654,consultant,1
1655,consulting,1
1656,consumed,1
1657,contained,1
1658,contains,1
1659,continent,1
1660,continual,1
1661,continuing,1
1662,contracting,1
1663,contractor,1
1664,contrary,1
1665,contributed,1
1666,contributor,1
1667,contributory,1
1668,conven,1
1669,convened,1
1670,converted,1
1671,converter,1
1672,cool,1
1673,cooperate,1
1674,cooperated,1
1675,coordinate,1
1676,coordinated,1
1677,coordinating,1
1678,cop26,1
1679,corbion,1
1680,corn,1
1681,corrective,1
1682,corresponding,1
1683,cosmetic,1
1684,costly,1
1685,council,1
1686,countermeasure,1
1687,countryside,1
1688,coup,1
1689,coupled,1
1690,course,1
1691,coverage,1
1692,covering,1
1693,covid,1
1694,cr,1
1695,creates,1
1696,criterion,1
1697,croatia,1
1698,cubic,1
1699,cultivating,1
1700,cumulative,1
1701,cup,1
1702,curb,1
1703,curbing,1
1704,curing,1
1705,currently,1
1706,cutting,1
1707,cyber,1
1708,czech,1
1709,daimler,1
1710,dam,1
1711,damage,1
1712,dassault,1
1713,dealogic,1
1714,debt,1
1715,decarbonised,1
1716,decarbonising,1
1717,decarbonize,1
1718,decarbonized,1
1719,decisive,1
1720,declared,1
1721,declares,1
1722,declined,1
1723,decom,1
1724,decommissioned,1
1725,decommissioning,1
1726,decorative,1
1727,decreased,1
1728,deed,1
1729,deemed,1
1730,deeply,1
1731,defines,1
1732,degraded,1
1733,degree,1
1734,dehydration,1
1735,delighted,1
1736,delivering,1
1737,density,1
1738,deploy,1
1739,deployment,1
1740,deploys,1
1741,derivative,1
1742,desigual,1
1743,desired,1
1744,desk,1
1745,despite,1
1746,detail,1
1747,detailed,1
1748,determine,1
1749,deutsche,1
1750,devastating,1
1751,developer,1
1752,diamond,1
1753,difference,1
1754,diffusion,1
1755,digitalisation,1
1756,digitalization,1
1757,dignity,1
1758,ding,1
1759,disability,1
1760,disadvantaged,1
1761,disciplined,1
1762,disclosure,1
1763,discontinued,1
1764,discount,1
1765,discovery,1
1766,discussed,1
1767,disease,1
1768,dismantling,1
1769,disposable,1
1770,dispose,1
1771,disposed,1
1772,distance,1
1773,distinction,1
1774,distrib,1
1775,distribu,1
1776,distributed,1
1777,distributing,1
1778,ditching,1
1779,diversified,1
1780,diversifying,1
1781,diversity,1
1782,divest,1
1783,divestment,1
1784,djsi,1
1785,dm,1
1786,dma,1
1787,dnb,1
1788,dominion,1
1789,downs,1
1790,downstream,1
1791,drai,1
1792,drainage,1
1793,drax,1
1794,dressing,1
1795,drinking,1
1796,driven,1
1797,duce,1
1798,dump,1
1799,durable,1
1800,duratex,1
1801,during,1
1802,ea,1
1803,earmarked,1
1804,east,1
1805,easy,1
1806,ecojoy,1
1807,ecr,1
1808,edge,1
1809,edison,1
1810,educate,1
1811,educating,1
1812,effectively,1
1813,effi,1
1814,efficently,1
1815,eight,1
1816,ekpi,1
1817,elected,1
1818,electrification,1
1819,electrifying,1
1820,electrolyte,1
1821,electronics,1
1822,electroplating,1
1823,eliminated,1
1824,eliminating,1
1825,elliott,1
1826,embark,1
1827,embarked,1
1828,embrace,1
1829,embracing,1
1830,emits,1
1831,emitted,1
1832,emitting,1
1833,emphasize,1
1834,enbridge,1
1835,enbw,1
1836,encouraging,1
1837,endeavor,1
1838,endeavoured,1
1839,endorsed,1
1840,enduring,1
1841,ener,1
1842,energie,1
1843,energyefficient,1
1844,enforce,1
1845,engage,1
1846,engaged,1
1847,engaging,1
1848,enhancement,1
1849,eni,1
1850,enrs,1
1851,enso,1
1852,ensures,1
1853,enter,1
1854,enterprise,1
1855,entire,1
1856,entirely,1
1857,ents,1
1858,environ,1
1859,environmen,1
1860,ep,1
1861,epa,1
1862,epe,1
1863,equal,1
1864,equaled,1
1865,equip,1
1866,equitable,1
1867,erafp,1
1868,erfolgreichen,1
1869,ergy,1
1870,erm,1
1871,erties,1
1872,es,1
1873,eso,1
1874,establishing,1
1875,etc,1
1876,ethical,1
1877,eu,1
1878,eur,1
1879,evaluating,1
1880,evaporation,1
1881,eve,1
1882,evening,1
1883,everbright,1
1884,everything,1
1885,exam,1
1886,examination,1
1887,examining,1
1888,exceed,1
1889,exceeded,1
1890,excel,1
1891,excellent,1
1892,exception,1
1893,exchange,1
1894,excited,1
1895,excl,1
1896,exclude,1
1897,excluded,1
1898,exclusively,1
1899,executing,1
1900,exercise,1
1901,existence,1
1902,expansion,1
1903,expectation,1
1904,expecting,1
1905,expects,1
1906,experience,1
1907,expertise,1
1908,exploration,1
1909,explore,1
1910,explored,1
1911,exploring,1
1912,extensive,1
1913,extent,1
1914,extremely,1
1915,facilitate,1
1916,facing,1
1917,fair,1
1918,familymart,1
1919,fancl,1
1920,fantastic,1
1921,fast,1
1922,fbovespa,1
1923,fc,1
1924,featured,1
1925,february,1
1926,fed,1
1927,federal,1
1928,federation,1
1929,feedback,1
1930,feedstock,1
1931,fell,1
1932,fellow,1
1933,fenc,1
1934,fertilizer,1
1935,fiber,1
1936,fiduciary,1
1937,fiec,1
1938,film,1
1939,filter,1
1940,filtration,1
1941,final,1
1942,financier,1
1943,find,1
1944,finished,1
1945,finite,1
1946,finland,1
1947,fire,1
1948,firming,1
1949,flame,1
1950,fledgling,1
1951,flightpath,1
1952,fluid,1
1953,fnancial,1
1954,foam,1
1955,foot,1
1956,for,1
1957,ford,1
1958,forecast,1
1959,forested,1
1960,forestry,1
1961,forging,1
1962,formally,1
1963,format,1
1964,former,1
1965,forming,1
1966,formulated,1
1967,formulation,1
1968,forum,1
1969,fourth,1
1970,fracs,1
1971,frame,1
1972,franchise,1
1973,fraunhofer,1
1974,frea,1
1975,french,1
1976,fresh,1
1977,from,1
1978,fueled,1
1979,fulfill,1
1980,fulfilling,1
1981,fulfillment,1
1982,fulfills,1
1983,fun,1
1984,funded,1
1985,furniture,1
1986,fy,1
1987,fy19,1
1988,fy2017,1
1989,fy2030,1
1990,fy2031,1
1991,fy24,1
1992,g4,1
1993,gallon,1
1994,game,1
1995,garbage,1
1996,gather,1
1997,gazprom,1
1998,gb,1
1999,general,1
2000,generally,1
2001,genuine,1
2002,geothermal,1
2003,germany,1
2004,ghanaian,1
2005,gig,1
2006,gigajoules,1
2007,given,1
2008,glass,1
2009,glc,1
2010,globally,1
2011,globe,1
2012,glossary,1
2013,governing,1
2014,gradually,1
2015,great,1
2016,greatly,1
2017,greenest,1
2018,greening,1
2019,grew,1
2020,grocer,1
2021,grohe,1
2022,ground,1
2023,grower,1
2024,grown,1
2025,gtr,1
2026,gucci,1
2027,guide,1
2028,guideline,1
2029,guiding,1
2030,gw,1
2031,gw4,1
2032,h2future,1
2033,habit,1
2034,habitat,1
2035,haining,1
2036,halve,1
2037,halved,1
2038,hance,1
2039,handle,1
2040,handling,1
2041,hard,1
2042,harjavalta,1
2043,harmful,1
2044,harmonized,1
2045,harnessing,1
2046,harvesting,1
2047,hazard,1
2048,hc,1
2049,hcm,1
2050,headcount,1
2051,headquarters,1
2052,healthcare,1
2053,healthier,1
2054,heart,1
2055,heavily,1
2056,heightened,1
2057,hele,1
2058,hellmann,1
2059,helped,1
2060,hera,1
2061,higher,1
2062,highlight,1
2063,highway,1
2064,hm³,1
2065,hog,1
2066,holcim,1
2067,hold,1
2068,honesty,1
2069,honey,1
2070,hope,1
2071,hous,1
2072,housing,1
2073,hpsv,1
2074,hsse,1
2075,huay,1
2076,humber,1
2077,huscompagniet,1
2078,hydrocarbon,1
2079,hydroelectric,1
2080,hydropower,1
2081,ic,1
2082,ico2,1
2083,icontec,1
2084,idea,1
2085,ideally,1
2086,identify,1
2087,identifying,1
2088,ii,1
2089,illumination,1
2090,imagine,1
2091,imately,1
2092,imda,1
2093,import,1
2094,impose,1
2095,improv,1
2096,incentive,1
2097,inception,1
2098,incineration,1
2099,inclusion,1
2100,inclusive,1
2101,incorporate,1
2102,incorporated,1
2103,incorporates,1
2104,increas,1
2105,indc,1
2106,independently,1
2107,india,1
2108,indoor,1
2109,industrietransformation,1
2110,influencing,1
2111,inform,1
2112,informed,1
2113,ingly,1
2114,ingredi,1
2115,ings,1
2116,inherent,1
2117,inherently,1
2118,injury,1
2119,ink,1
2120,input,1
2121,insight,1
2122,insole,1
2123,inspires,1
2124,install,1
2125,institute,1
2126,instrument,1
2127,insulate,1
2128,insulation,1
2129,insuring,1
2130,integral,1
2131,integrity,1
2132,intend,1
2133,intensified,1
2134,inter,1
2135,interconnectors,1
2136,interest,1
2137,internally,1
2138,intrinsically,1
2139,introduce,1
2140,introducing,1
2141,introduction,1
2142,investigating,1
2143,inviting,1
2144,involve,1
2145,involvement,1
2146,involves,1
2147,ioof,1
2148,iot,1
2149,iq,1
2150,issued,1
2151,issuer,1
2152,italy,1
2153,item,1
2154,ith,1
2155,itv,1
2156,ity,1
2157,iucn,1
2158,japanese,1
2159,jet,1
2160,jhasuguda,1
2161,joaquin,1
2162,joining,1
2163,journey,1
2164,june,1
2165,kams,1
2166,kasei,1
2167,kellogg,1
2168,kennecott,1
2169,kernel,1
2170,khaeng,1
2171,klimaneutralitätsstrategie,1
2172,klp,1
2173,knowledge,1
2174,kokkola,1
2175,konica,1
2176,ksas,1
2177,kuala,1
2178,kurita,1
2179,kwh,1
2180,kwheq,1
2181,label,1
2182,lake,1
2183,lamp,1
2184,lamphun,1
2185,landfilling,1
2186,lanjigarh,1
2187,lanxess,1
2188,larger,1
2189,launch,1
2190,law,1
2191,layered,1
2192,leachate,1
2193,leaders,1
2194,leak,1
2195,leapfrog,1
2196,leeds,1
2197,legislative,1
2198,legrand,1
2199,liaison,1
2200,license,1
2201,lifecycle,1
2202,light,1
2203,lightweight,1
2204,like,1
2205,limestone,1
2206,limitation,1
2207,limiting,1
2208,lining,1
2209,linking,1
2210,linz,1
2211,lipid,1
2212,listed,1
2213,little,1
2214,lived,1
2215,livelihood,1
2216,liverpool,1
2217,lkab,1
2218,lloyd,1
2219,lng,1
2220,lockdown,1
2221,london,1
2222,longer,1
2223,look,1
2224,loop,1
2225,lost,1
2226,lowcarbon,1
2227,lowering,1
2228,lr,1
2229,ltd,1
2230,lti,1
2231,luminaires,1
2232,lumpur,1
2233,luxembourg,1
2234,luzon,1
2235,m2,1
2236,m3,1
2237,ma,1
2238,machinery,1
2239,mack,1
2240,maintains,1
2241,maintenance,1
2242,malaysia,1
2243,mammal,1
2244,managed,1
2245,manages,1
2246,managing,1
2247,manchester,1
2248,mangrove,1
2249,manual,1
2250,manufactured,1
2251,march,1
2252,marketing,1
2253,massachusetts,1
2254,mation,1
2255,maximisation,1
2256,maximize,1
2257,may,1
2258,meal,1
2259,meaning,1
2260,measured,1
2261,mechanism,1
2262,medium,1
2263,megawatt,1
2264,meiden,1
2265,meidensha,1
2266,meiji,1
2267,melter,1
2268,membership,1
2269,membrane,1
2270,merged,1
2271,methodology,1
2272,mexican,1
2273,mhi,1
2274,microfiber,1
2275,microfibers,1
2276,micronutrient,1
2277,middle,1
2278,mindful,1
2279,minimises,1
2280,minimizes,1
2281,minimizing,1
2282,minimum,1
2283,ministry,1
2284,minolta,1
2285,mint,1
2286,missioned,1
2287,mitigating,1
2288,mitment,1
2289,mmcf,1
2290,mobilise,1
2291,mobilizing,1
2292,mode,1
2293,mon,1
2294,monitored,1
2295,month,1
2296,moo,1
2297,moreover,1
2298,mortgage,1
2299,mostly,1
2300,moved,1
2301,msci,1
2302,mtn,1
2303,nage,1
2304,naged,1
2305,namely,1
2306,nancing,1
2307,nanocellulose,1
2308,nation,1
2309,needed,1
2310,nestlé,1
2311,newcrest,1
2312,nexbtl,1
2313,ngv,1
2314,nichido,1
2315,nickel,1
2316,nikon,1
2317,nmeee,1
2318,nok,1
2319,northwind,1
2320,notably,1
2321,notch,1
2322,note,1
2323,notwendiger,1
2324,nox,1
2325,nrp,1
2326,nsk,1
2327,ntpc,1
2328,nu,1
2329,nuclide,1
2330,nutrient,1
2331,nylon,1
2332,ocbc,1
2333,occidental,1
2334,occur,1
2335,offgrid,1
2336,officer,1
2337,ogci,1
2338,older,1
2339,omv,1
2340,onstream,1
2341,ontario,1
2342,operated,1
2343,operationalised,1
2344,operationally,1
2345,operator,1
2346,optimisation,1
2347,optimising,1
2348,orange,1
2349,oregon,1
2350,organised,1
2351,organization,1
2352,organized,1
2353,origins,1
2354,oréal,1
2355,outdoor,1
2356,outlet,1
2357,outlining,1
2358,outreach,1
2359,outsized,1
2360,outstanding,1
2361,overlapping,1
2362,oversaw,1
2363,oversight,1
2364,owned,1
2365,ozharvest,1
2366,p3,1
2367,paint,1
2368,pakistan,1
2369,panasonic,1
2370,panies,1
2371,paperless,1
2372,paragraph,1
2373,parallel,1
2374,parf,1
2375,participate,1
2376,partnering,1
2377,pasture,1
2378,path,1
2379,paved,1
2380,pe,1
2381,peak,1
2382,peatland,1
2383,pecém,1
2384,pedestrian,1
2385,pem,1
2386,percentage,1
2387,performancebased,1
2388,performs,1
2389,permanently,1
2390,permit,1
2391,permitting,1
2392,persistently,1
2393,perspective,1
2394,pest,1
2395,pesticide,1
2396,petrol,1
2397,pha,1
2398,philanthropic,1
2399,philosophy,1
2400,phosphorous,1
2401,phosphorus,1
2402,photovol,1
2403,physically,1
2404,pillar,1
2405,pilot,1
2406,piloted,1
2407,pipeline,1
2408,pit,1
2409,pla,1
2410,ple,1
2411,podium,1
2412,point,1
2413,policymakers,1
2414,politischer,1
2415,polyester,1
2416,polyhydroxyalkanoate,1
2417,polymer,1
2418,polyolefins,1
2419,popularize,1
2420,positionevaluation,1
2421,positively,1
2422,possibility,1
2423,post,1
2424,potable,1
2425,potentially,1
2426,pouce,1
2427,pound,1
2428,powering,1
2429,pozzolan,1
2430,pp,1
2431,ppl,1
2432,practical,1
2433,praised,1
2434,precautionary,1
2435,predictable,1
2436,predominantly,1
2437,preem,1
2438,preferable,1
2439,prepare,1
2440,preprint,1
2441,presence,1
2442,pressure,1
2443,prevailing,1
2444,preventive,1
2445,primarily,1
2446,prime,1
2447,printing,1
2448,privredna,1
2449,problem,1
2450,professionalism,1
2451,profitability,1
2452,profitable,1
2453,prominent,1
2454,promoted,1
2455,prop,1
2456,propagates,1
2457,proper,1
2458,properly,1
2459,proportion,1
2460,propose,1
2461,proposes,1
2462,proposition,1
2463,proprietary,1
2464,prosperous,1
2465,protected,1
2466,protein,1
2467,proton,1
2468,proved,1
2469,proven,1
2470,provided,1
2471,provision,1
2472,prtr,1
2473,prudent,1
2474,publication,1
2475,pulp,1
2476,purchased,1
2477,pure,1
2478,purifying,1
2479,purposeful,1
2480,putting,1
2481,quarter,1
2482,quarterly,1
2483,quently,1
2484,rahmenbedingungen,1
2485,rail,1
2486,rainwater,1
2487,ranking,1
2488,rapid,1
2489,rating,1
2490,rationalize,1
2491,re,1
2492,reading,1
2493,ready,1
2494,reality,1
2495,realization,1
2496,receive,1
2497,recharge,1
2498,recla,1
2499,recognise,1
2500,recognises,1
2501,recognising,1
2502,recognition,1
2503,recognize,1
2504,recommendation,1
2505,reconci,1
2506,record,1
2507,recorded,1
2508,recover,1
2509,recreation,1
2510,recyclate,1
2511,redefine,1
2512,reduc,1
2513,reference,1
2514,refinancing,1
2515,reflected,1
2516,reflecting,1
2517,reflection,1
2518,reforest,1
2519,reforestation,1
2520,reform,1
2521,refrigerant,1
2522,refrigerating,1
2523,refueling,1
2524,refuse,1
2525,regency,1
2526,regeneration,1
2527,regenerative,1
2528,regime,1
2529,register,1
2530,regulator,1
2531,reinforces,1
2532,reintegrated,1
2533,rela,1
2534,relate,1
2535,relation,1
2536,relatively,1
2537,relevant,1
2538,reliance,1
2539,relief,1
2540,remained,1
2541,remove,1
2542,renew,1
2543,reoil,1
2544,repair,1
2545,replacement,1
2546,repositioned,1
2547,represent,1
2548,representation,1
2549,required,1
2550,researcher,1
2551,residential,1
2552,residual,1
2553,resistant,1
2554,resour,1
2555,respective,1
2556,restructured,1
2557,resultant,1
2558,resulted,1
2559,resulting,1
2560,retardant,1
2561,retiring,1
2562,returnable,1
2563,returned,1
2564,reutilising,1
2565,revitalising,1
2566,revitalization,1
2567,revolution,1
2568,ri,1
2569,richtung,1
2570,ricoh,1
2571,rid,1
2572,rinse,1
2573,rio,1
2574,rising,1
2575,river,1
2576,rm,1
2577,rock,1
2578,roll,1
2579,roof,1
2580,routine,1
2581,rpf,1
2582,rugby,1
2583,ruled,1
2584,rusal,1
2585,russia,1
2586,russian,1
2587,rüdersdorf,1
2588,sacramento,1
2589,safer,1
2590,saline,1
2591,san,1
2592,sanitation,1
2593,santander,1
2594,satisfy,1
2595,say,1
2596,sbp,1
2597,sbt,1
2598,sbti,1
2599,sbts,1
2600,scal,1
2601,scana,1
2602,scarce,1
2603,schaffung,1
2604,scheme,1
2605,schlüsseltechnologien,1
2606,schoolchildren,1
2607,schwerpunkt,1
2608,sciences,1
2609,scorecard,1
2610,scored,1
2611,scrap,1
2612,screening,1
2613,sdw,1
2614,sea,1
2615,seafloor,1
2616,seat,1
2617,section,1
2618,securing,1
2619,security,1
2620,seed,1
2621,seh,1
2622,selec,1
2623,selfassessments,1
2624,sense,1
2625,sensitive,1
2626,sensor,1
2627,separating,1
2628,serf,1
2629,session,1
2630,settlement,1
2631,seven,1
2632,sewage,1
2633,sewerage,1
2634,shadow,1
2635,shampoo,1
2636,shape,1
2637,sheffield,1
2638,shell,1
2639,shifting,1
2640,shiga,1
2641,shipment,1
2642,shipped,1
2643,shipping,1
2644,shoe,1
2645,shop,1
2646,show,1
2647,showcase,1
2648,shower,1
2649,showerhead,1
2650,showing,1
2651,shown,1
2652,shrinking,1
2653,shut,1
2654,side,1
2655,sign,1
2656,signify,1
2657,silk,1
2658,similar,1
2659,similarly,1
2660,simple,1
2661,singapore,1
2662,single,1
2663,situated,1
2664,six,1
2665,skill,1
2666,slogan,1
2667,slovenia,1
2668,small,1
2669,smithfield,1
2670,so2,1
2671,societal,1
2672,socio,1
2673,solazyme,1
2674,sold,1
2675,sole,1
2676,solidarité,1
2677,solvent,1
2678,sort,1
2679,sound,1
2680,sourced,1
2681,southeast,1
2682,southern,1
2683,sowie,1
2684,spanish,1
2685,spearheaded,1
2686,special,1
2687,specialty,1
2688,specie,1
2689,specifi,1
2690,specified,1
2691,speed,1
2692,spent,1
2693,spill,1
2694,spread,1
2695,spreading,1
2696,ssab,1
2697,sse,1
2698,sst,1
2699,staff,1
2700,stand,1
2701,standardized,1
2702,standing,1
2703,star,1
2704,start,1
2705,starting,1
2706,stead,1
2707,steam,1
2708,steel,1
2709,steelmaking,1
2710,steering,1
2711,steward,1
2712,stock,1
2713,stockholm,1
2714,stora,1
2715,stormwater,1
2716,stra,1
2717,strength,1
2718,strengthen,1
2719,stress,1
2720,stressed,1
2721,stricter,1
2722,strictly,1
2723,stringent,1
2724,strives,1
2725,striving,1
2726,strove,1
2727,struction,1
2728,sub,1
2729,subscribed,1
2730,subsequent,1
2731,subsequently,1
2732,substantially,1
2733,substation,1
2734,successfully,1
2735,sugarcane,1
2736,suitable,1
2737,sum,1
2738,sumando,1
2739,summarize,1
2740,supplement,1
2741,supplied,1
2742,supplying,1
2743,surface,1
2744,surfing,1
2745,surplus,1
2746,surrounding,1
2747,surroundings,1
2748,survive,1
2749,sustain,1
2750,sustained,1
2751,swedish,1
2752,switching,1
2753,sydney,1
2754,systèmes,1
2755,tackle,1
2756,tackling,1
2757,tag,1
2758,taic,1
2759,tailor,1
2760,tailored,1
2761,taiwan,1
2762,take2,1
2763,tal,1
2764,talent,1
2765,tangible,1
2766,targeting,1
2767,tasty,1
2768,tax,1
2769,taxonomy,1
2770,tcnv,1
2771,tco2e,1
2772,technological,1
2773,technologically,1
2774,tegic,1
2775,telekom,1
2776,television,1
2777,ten,1
2778,tenancy,1
2779,tepco,1
2780,terrestrial,1
2781,territory,1
2782,tertiary,1
2783,testing,1
2784,texas,1
2785,themed,1
2786,thermoplastic,1
2787,think,1
2788,thorough,1
2789,thought,1
2790,threat,1
2791,threatened,1
2792,through,1
2793,tidy,1
2794,tie,1
2795,tier,1
2796,tinto,1
2797,tion,1
2798,tional,1
2799,tionships,1
2800,toe,1
2801,toho,1
2802,took,1
2803,toolkit,1
2804,toray,1
2805,toto,1
2806,tourism,1
2807,tpp,1
2808,trace,1
2809,traceabil,1
2810,trading,1
2811,traffic,1
2812,train,1
2813,training,1
2814,trajectory,1
2815,transform,1
2816,transformation,1
2817,transformer,1
2818,transient,1
2819,transitioning,1
2820,transportation,1
2821,tremendous,1
2822,trend,1
2823,trial,1
2824,trinidad,1
2825,trip,1
2826,trucost,1
2827,trust,1
2828,try,1
2829,tsfs,1
2830,tsr,1
2831,tted,1
2832,turbine,1
2833,twin,1
2834,type,1
2835,ui,1
2836,ultimate,1
2837,umc,1
2838,umsetzung,1
2839,uncertain,1
2840,uncertainty,1
2841,unconditionally,1
2842,underground,1
2843,underscored,1
2844,underserved,1
2845,undertake,1
2846,underway,1
2847,underwriting,1
2848,unique,1
2849,unlike,1
2850,unsurpassed,1
2851,upcoming,1
2852,updated,1
2853,upholding,1
2854,upholds,1
2855,ups,1
2856,urgent,1
2857,usd8,1
2858,usually,1
2859,uted,1
2860,utilization,1
2861,utilizing,1
2862,validated,1
2863,valuable,1
2864,variety,1
2865,vast,1
2866,vattenfall,1
2867,vegan,1
2868,vendor,1
2869,veracel,1
2870,verbund,1
2871,verified,1
2872,vestment,1
2873,viability,1
2874,vicinity,1
2875,video,1
2876,view,1
2877,vin,1
2878,virgin,1
2879,virginia,1
2880,visualization,1
2881,visualize,1
2882,vocs,1
2883,waiuku,1
2884,want,1
2885,ward,1
2886,waren,1
2887,waterway,1
2888,wear,1
2889,website,1
2890,weed,1
2891,week,1
2892,wellbeing,1
2893,west,1
2894,wetland,1
2895,whenever,1
2896,whereby,1
2897,wherever,1
2898,winter,1
2899,wisdom,1
2900,wise,1
2901,with,1
2902,withdrawal,1
2903,witness,1
2904,woldwide,1
2905,wollongong,1
2906,wood,1
2907,woodland,1
2908,woody,1
2909,worker,1
2910,workforce,1
2911,wrap,1
2912,wuhu,1
2913,wwf,1
2914,www,1
2915,xtures,1
2916,yard,1
2917,yes,1
2918,ykk,1
2919,yokogawa,1
2920,zagreb,1
2921,zealand,1
2922,zur,1
